Odia,English
ଏହି,This
ଓ,O
ସେ,He
ଏକ,a
କରିଥିଲେ,did
ଏବଂ,And
ମଧ୍ୟ,Also
ଏହା,This
ପାଇଁ,for
ପରେ,After
ହୁଏ,happens
କରି,by
ବା,or
ଭାବରେ,as
ମସିହାରେ,in
ତାଙ୍କ,his
ଜଣେ,One
ଥିଲେ,was
ଏହାର,Its
ରୋଗ,Disease
କରିବା,to do
ସମୟରେ,during
ତାଙ୍କର,His
ଅଧିକ,More
କରାଯାଏ,is done
ମଧ୍ୟରେ,between
ହୋଇଥିଲା,happened
ଅନେକ,Many
ଥିଲା,was
ନାମ,Name
ହୋଇ,Being
ଥିବା,having
ଭାବେ,as
ସହ,co
ଆରମ୍ଭ,Beginning
ଅଭିନୟ,acting
ବୋଲି,said
କାର୍ଯ୍ୟ,Work
ଭାରତୀୟ,Indian
କିଛି,Something
ଗୋଟିଏ,One
କିନ୍ତୁ,But
ରହିଛି,has
ତାଙ୍କୁ,him
ବିଭିନ୍ନ,Various
ଅନ୍ୟ,Other
ପ୍ରଥମ,First
ସହିତ,with
ଓଡ଼ିଶା,Odisha
ସେହି,That's it
ନାହିଁ,No
ହୋଇଥାଏ,happens
ଉପରେ,Above
ନିମନ୍ତେ,for
ଓଡ଼ିଆ,Odia
କଲେ,did
ପ୍ରାୟ,approx
ହେଲେ,if
ଯେ,That
ବର୍ଷ,Year
ତଥା,And
କୌଣସି,any
ଯାହା,which
କରନ୍ତି,does
ହୋଇଥିଲେ,was
ଅନୁସାରେ,According to
ନିଜ,own
ଏହାକୁ,it
ଆଦି,Adi
ହେଲା,It happened
ପର୍ଯ୍ୟନ୍ତ,until
ନ,No
ଦେଇଥିଲେ,gave
କୁହାଯାଏ,It is said
ଦିନ,Day
ଚଳଚ୍ଚିତ୍ର,The movie
କରିବାକୁ,to do
ଥାଏ,there is
ବିଧାନ,Constitution
ଜନ୍ମ,born
ଜାତୀୟ,National
ଔଷଧ,medicine
ବେଳେ,sometimes
ମୁଖ୍ୟ,Chief
ହେବା,to be
ଗ୍ରହଣ,acceptance
ବ୍ୟବହାର,usage
ଅଟେ,is
କରେ,does
ତିଆରି,made
ହେଉଛି,is
ମନ୍ଦିର,Temple
କରିଛନ୍ତି,Done
କରୁଥିଲେ,was doing
ଭଳି,like
ସୃଷ୍ଟି,Creation
କେତେକ,Some
ସାଧାରଣ,Common
କେବଳ,Only
ଦିଆଯାଏ,is given
ନେଇ,take
ଏଠାରେ,Here
କରାଯାଇଥିଲା,Done
କରିଥିଲା,did
ପ୍ରତି,per
ଦେଇ,by
କାରଣ,because
ଦୁଇ,Two
କଥାଚିତ୍ର,cartoon
ଦେଖାଯାଏ,It appears
ପ୍ରଥମେ,First
ଲୋକ,people
ପରି,Like
ସନ,Sun
ଅଛି,Yes
ନାମରେ,in the name of
ଯୋଗୁ,because
କଥାଚିତ୍ରଟିର,of cartoons
ବିବାହ,Marriage
ମସିହା,Year
ନାମକ,named
ପୁରସ୍କାର,Award
ମଧ୍ୟରୁ,out of
କାମ,Work
ପ୍ରସ୍ତୁତ,Ready
ମାସ,Mass
ତାହା,That's it
ମହିଳା,Woman
ସମୟ,Time
ହୋଇଥିବା,done
ତେଣୁ,So
ସମସ୍ତ,All
ଛୋଟ,small
ପୂଜା,Pooja
ସ୍ଥାନରେ,in place
ଅବସ୍ଥିତ,Located
ରଚନା,Composer
ରାଜା,King
ନିଜର,own
ନିର୍ମାଣ,Construction
ବହୁ,A lot
ଭାରତର,of India
ସବୁ,All
ସାଧାରଣତଃ,Normally
ଚିକିତ୍ସା,Treatment
ମସିହାର,year
କରାଯାଇଛି,Done
ତାରିଖରେ,On the date
ଭାରତ,India
କରୁଥିବା,doing
କିମ୍ବା,or
ର,of
ଏଥିରେ,In this
ସଭା,Meeting
ହୋଇପାରେ,May be
ରାଜ୍ୟ,State
ଲାଭ,Profit
ମାତ୍ର,but
ଠାରୁ,from
ପୂର୍ବରୁ,Before
ଦୁଇଟି,Two
ଶିକ୍ଷା,Education
ହୋଇଛି,Done
କରିଥିବା,did
ଜନ୍ମଗ୍ରହଣ,birth
ତେବେ,If so
ସେମାନେ,They are
ଦକ୍ଷିଣ,South
ବିଷୟରେ,about
ରକ୍ତ,Blood
ରେ,in
କି,what
ଖାଦ୍ୟ,Food
ଚଳଚ୍ଚିତ୍ରରେ,In the movie
ସଙ୍ଗୀତ,Music
ଅଞ୍ଚଳରେ,in the area
ଦେଖିବାକୁ,to see
ଧରି,Hold on
ନିର୍ମିତ,Built
ପ୍ରକାର,Type
ମୃତ୍ୟୁ,Death
ବ୍ୟବ‌ହାର,usage
ଶେଷ,The end
ବଡ଼,big
ରୂପେ,as
ସ୍ଥାନ,Place
କରାଯାଇଥାଏ,Done
ଲକ୍ଷଣ,symptoms
ଅଧିକାଂଶ,Most
ଏ,A
ଯୋଗୁଁ,due to
ଆଉ,And
ଦେବୀ,Goddess
ନିର୍ବାଚନ,Election
ନିର୍ବାଚିତ,Elected
ପ୍ରକାଶ,Disclosure
ଇତ୍ୟାଦି,etc
ହୋଇଯାଏ,becomes
ପାଳନ,Observance
ସହର,City
ଆବଶ୍ୟକ,required
ମିଳେ,found
ସେଠାରେ,There
ମୁକ୍ତିଲାଭ,release
ସଂଖ୍ୟା,Number
ସ‌ହ,co
ଅତି,very
ଉତ୍ତର,Answer
ଜୀବନ,Life
ପ୍ରଦାନ,Giving
ଭୂମିକାରେ,in the role
ପ୍ରତିଷ୍ଠା,Establishment
ଭିତରେ,Inside
ହେଉଥିବା,happening
ଉଚ୍ଚ,High
କରିଥାନ୍ତି,does
ପୂର୍ବ,East
ହିଁ,That's it
ଉଭୟ,Both
ରୋଗର,of disease
ଏହାପରେ,After that
ଶକ୍ତି,Power
ଅନ୍ୟାନ୍ୟ,Other
ଜଳ,Water
ନିକଟରେ,Recently
ନିର୍ଣ୍ଣୟ,determination
ବିଶ୍ୱାସ,Faith
କମ,Com
ଦାସ,Slave
ପରବର୍ତ୍ତୀ,Next
ଭାଷା,Language
ଯେଉଁ,which
୨,2
ଭାଗ,part
ଯୋଗ,Yoga
ସାହିତ୍ୟ,Literature
ଅର୍ଥ,Meaning
କରିଥାଏ,does
ଦଳ,Team
ଏପରି,Such
ବର୍ତ୍ତମାନ,Now
ଭାଷାରେ,in the language
କଳା,Art
କେନ୍ଦ୍ର,Center
ନୃତ୍ୟ,Dance
ସାହାଯ୍ୟ,help
ସେବା,Service
ହିନ୍ଦୁ,Hindu
କିଲୋମିଟର,km
ନୁହେଁ,No
ପରିବର୍ତ୍ତନ,Change
ପ୍ରକାରର,Kind of
ପ୍ରାଚୀନ,Elder
ସମସ୍ୟା,problem
ଏବେ,now
ଓଡ଼ିଶାର,Odisha
କଥା,thing
କରିଥିଲେ।,did.
ଦ୍ୱିତୀୟ,Second
ଭଲ,Good
ରହିଥିବା,Stayed
ଗୀତ,song
ଜନତା,The crowd
ପରୀକ୍ଷା,Exam
ଭିନ୍ନ,Different
ମିଳିଥିଲା,was found
ମୁଖ୍ୟତଃ,Mainly
ହୁଅନ୍ତି,becomes
ଅଞ୍ଚଳ,region
ଅଧିକାର,Rights
ଇଂରାଜୀ,English
ଦେଲେ,gave
ପୁଣି,Again
ଫଳରେ,Fruit
ବାପାଙ୍କ,father's
ବୃଦ୍ଧି,Increase
ଯଥା,E.g
ଶବ୍ଦ,word
ସେମାନଙ୍କ,their
ହେବ,will be
୧,1
ଅଳ୍ପ,Few
ନିର୍ଦ୍ଦେଶକ,Director
ବର୍ଣ୍ଣନା,Description
୩,3
କରାଗଲା,Done
କ୍ଷେତ୍ରରେ,In case
ଜଣ,people
ଦେଶ,Country
ନଦୀ,River
ନାଟକ,Drama
ପାଇ,Pi
ବିଶିଷ୍ଟ,Prominent
ବିଶେଷ,Special
ଲାଗି,Stick to it
ସବୁଠାରୁ,the most
ସରକାର,Govt
ଅଛନ୍ତି,are
କମ୍,Low
ତାହାର,His
ବହୁତ,A lot
ବିଶ୍ୱ,World
ରହିଥାଏ,remains
ରାଜ୍ୟର,of the State
ସର୍ବାଧିକ,max
ସ‌ହିତ,with
ହାସଲ,Accomplishment
ହେଉଛନ୍ତି,is
୫,5
ଅନୁଯାୟୀ,According to
କାହାଣୀ,Story
ପ୍ରବେଶ,Entry
ପ୍ରମୁଖ,Major
ବ୍ୟବସ୍ଥା,arrangement
ଯଦି,If
ଅଂଶ,Part
ଅଭିନେତ୍ରୀ,Actress
କରିବାର,to do
ଜିଲ୍ଲାର,of the district
ତା,her
ଥର,Times
ନିର୍ଦ୍ଦେଶନା,Direction
ପଦାର୍ଥ,Material
ପିତା,Father
ମନ୍ତ୍ରୀ,Minister
ଯାଇ,Gone
ଅପେକ୍ଷା,Waiting
ଆମେରିକାରେ,In America
ଏମାନେ,These are
ଗଠନ,Structure
ତିନି,Three
ଦଳର,of the party
ପରିଚିତ,Acquaintance
ପୁତ୍ର,son
ବି,b
ଭାରତରେ,in India
ଯେଉଁଥିରେ,in which
ଶିକାର,Hunting
ସଭାରେ,At the meeting
ଦେଶରେ,in the country
ନୂତନ,New
ପାଇଥିଲେ,got
ବନ୍ଦ,Closed
ବ୍ୟବହୃତ,Used
ମିଶ୍ର,Mishra
ଯାତ୍ରା,Journey
ଶ୍ରେଷ୍ଠ,the best
ସଂକ୍ରମଣ,Contagion
ସକ୍ରିୟ,Active
୪,4
ଜୁନ,Jun
ପ୍ରକାଶିତ,Published
ବିଦ୍ୟାଳୟ,School
ମାନେ,I mean
ହେବାର,to be
ଅନୁଷ୍ଠିତ,Held
କରିବାରେ,in doing
ଜଣାଯାଏ,It is known
ତରଫରୁ,on behalf of
ଦର୍ଶନ,Philosophy
ନିର୍ବାଚନରେ,In the election
ଭାଗରେ,in part
ଯନ୍ତ୍ରଣା,Pain
ଯାହାକି,which
ରାଜନୀତିରେ,In politics
ରୋଗରେ,in disease
ଶାସନ,Governance
ସରକାରୀ,Govt
ହେଇଥିଲା,was
ଅଫ,Off
କାରଣରୁ,because of
ଚିତ୍ର,Fig
ଜଗତରେ,in the world
ପଶ୍ଚିମ,West
ପାଖରେ,next to
ପାଖାପାଖି,approx
ପ୍ରସିଦ୍ଧ,Famous
ଯାଏ,Go
ରହି,staying
ରହେ,stays
ଲୋକଙ୍କ,of the people
ଅଟନ୍ତି,are
ଆକ୍ରମଣ,attack
ଗଛ,tree
ନିଜେ,himself
ନିମ୍ନ,Below
ନୂଆ,New
ବିଜ୍ଞାନ,Science
ମାଧ୍ୟମରେ,through
ଯୁଦ୍ଧ,War
ଶ୍ରୀ,Mr
ସାହାଯ୍ୟରେ,with help
ସେପ୍ଟେମ୍ବର,Sept
ସ୍ୱାଧୀନତା,Freedom
ସ୍ୱାସ୍ଥ୍ୟ,Health
୧୦,10
କବି,Poet
କବିତା,Poetry
ତଥ୍ୟ,Data
ଦେବା,to give
ବ୍ୟକ୍ତି,person
ବୟସରେ,at age
ମୋଟ,total
ଯୁକ୍ତରାଷ୍ଟ୍ର,United States
ସିଂହ,Lion
ଅନ୍ୟତମ,One of the
ଓଡ଼ିଶାରେ,In Odisha
କରୁଛନ୍ତି,doing
କର୍ମକର୍ତ୍ତା,worker
କଲା,did
କାଳରେ,during
ଜୁଲାଇ,July
ନିର୍ଦ୍ଦିଷ୍ଟ,Specific
ପ୍ରତ୍ୟେକ,each
ବାଘ,Tiger
ମଇ,May
ମୂଲ୍ୟ,Price
ରଖି,keeping
ଅଗଷ୍ଟ,Aug
ଆକାରରେ,in the form of
ଆସି,Come on
କେହି,Someone
କ୍ଷେତ୍ର,area
ଗ୍ରାମ,Village
ଗ୍ରାମରେ,In the village
ଚନ୍ଦ୍ର,Moon
ଚାରି,Four
ଚେଷ୍ଟା,Try
ଜୀବ,creature
ତାକୁ,him
ଦିଗରେ,towards
ପାଣି,Water
ବୟସ,Age
ଯେତେବେଳେ,when
ରହିଥିଲେ,stayed
ଶିଶୁ,Baby
ସଙ୍କଟ,Crisis
ସମ୍ଭାବନା,Probability
ସେତେବେଳେ,At that time
ସ୍ୱତନ୍ତ୍ର,Exclusive
୧୨,12
ଅବସ୍ଥା,condition
ଝିଅ,girl
ଦୂର,away
ଦୂରରେ,Far away
ପତ୍ନୀଙ୍କ,wife's
ପରିବାର,Family
ପୁସ୍ତକ,Book
ପ୍ରଭାବିତ,Impressed
ବିଷୟ,Subject
ମନ୍ଦିରର,of the temple
ମହାନ୍ତି,Mohanty
ମୂଳ,Original
ଲିଖିତ,Written
ଲୋକଙ୍କର,of the people
ଶେଷରେ,Finally
ସମାନ,Same
ଅଞ୍ଚଳର,of the region
ଅଲଗା,Different
ଆଧୁନିକ,Modern
କୁ,to
ଥରେ,Once
ଦେଖି,seeing
ପକ୍ଷୀ,the bird
ପତ୍ର,Leaf
ପାରମ୍ପରିକ,Traditional
ପୁରୁଷ,male
ମାସରେ,in the month
ମୁଁ,I
ଯାହାର,whose
ରଙ୍ଗ,Color
ସାମାଜିକ,Social
ସ୍ଥାପନ,installation
୧୫,15
ଏମାନଙ୍କ,Theirs
ଟିକା,Vaccination
ତାହାକୁ,him
ନଭେମ୍ବର,Nov
ପ୍ରତିବର୍ଷ,Every year
ଫେବୃଆରୀ,February
ବାହାର,Get out
ବ୍ୟତୀତ,Except
ଭୋଗ,Vog
ମିଳିତ,Combined
ଯାହାକୁ,to whom
ରହିଥିଲା,had
ଲକ୍ଷ,Lakhs
ଲୋକଙ୍କୁ,people
ଶ୍ରେଣୀର,class
ସେଥିରେ,In that
ସେମାନଙ୍କୁ,them
ସ୍ଥାନୀୟ,Local
କରାଯାଇ,Done
ଙ୍କ,of
ଥିବାରୁ,Because
ଦେବ,will give
ଦେଶମାନଙ୍କରେ,In the countries
ବ୍ରିଟିଶ,British
ମଣ୍ଡଳୀରୁ,From the congregation
ମା,Mother
ମୂର୍ତ୍ତି,Sculpture
ଯାଇଥିଲା,Gone
ଯାଏଁ,Let's go
ରଥ,Chariot
ରହିବା,stay
ଶରୀର,the body
ସଙ୍ଗେ,immediately
ସଫଳ,Successful
ସମଗ୍ର,the whole
ସମ୍ପର୍କ,relationship
ସାରା,Sara
ସ୍ତରରେ,level
ହିନ୍ଦୀ,Hindi
୨୦,20
ଅଫ୍,Off
ଉକ୍ତ,The said
କାଳ,Period
ଖଣ୍ଡ,Piece
ଡିଗ୍ରୀ,degree
ତା'ର,her
ଦେବାକୁ,to give
ଧାରାବାହିକ,Series
ପୁରାତନ,old
ପ୍ରାକୃତିକ,Natural
ପ୍ରାପ୍ତ,Received
ଫଳ,Fruit
ବିଶ୍ୱର,of the world
ମସିହାରୁ,Since
ମାନଙ୍କ,of
ମାର୍ଚ୍ଚ,March
ସଂସ୍ଥା,Organization
ସହରର,of the city
ସୂଚନା,Information
ହାର,Necklace
ହୋଇଥିବାରୁ,Because
of,of
ଅତ୍ୟନ୍ତ,very
ଅନୁମାନ,Guess
ଅନ୍ତର୍ଭୁକ୍ତ,included
ଆମେରିକୀୟ,American
ଘର,home
ଘରେ,at home
ଘୋଷଣା,Declaration
ଜନସଂଖ୍ୟା,Population
ଜାନୁଆରୀ,January
ଜିଲ୍ଲା,District
ଧର୍ମ,Religion
ନିଜକୁ,myself
ନେଇଥିଲେ,took
ପରିବାରର,family
ବାପା,father
ବିକାଶ,Development
ମାତା,Mother
ରଙ୍ଗର,of color
ଲେଖା,Writing
ଶତାବ୍ଦୀ,Century
ସଭାକୁ,to the meeting
ସମ୍ମାନ,Respect
ସୁରକ୍ଷା,Security
ସେମାନଙ୍କର,their
ସ୍କୁଲ,School
ସ୍ନାତକ,graduate
୬,6
ଆମେ,we
ଉଲ୍ଲେଖ,Mention
କର୍କଟ,Cancer
ଚଳଚ୍ଚିତ୍ରର,of the movie
ପଣ୍ଡା,Panda
ପ୍ରାର୍ଥୀ,candidate
ପ୍ରୟୋଗ,application
ବାସ,residence
ବିଧାୟକ,MLA
ବିଭାଗ,Division
ଭାଇ,Bro
ମାନ୍ୟତା,Standard
ରୁ,from
ରୋଗୀ,Patient
ଲୋକପ୍ରିୟ,Popular
ଶାରୀରିକ,physical
ସନ୍ତାନ,children
ସଫଳତା,Success
ସରକାରଙ୍କ,Govt
୧୪,14
୧୬,16
ଅସୁବିଧା,Trouble
ଏକାଡେମୀ,Academy
କୃଷ୍ଣ,Krishna
ଚାଷ,farming
ଜଣା,Known
ଜରିଆରେ,through
ଟଙ୍କା,Money
ତାରିଖ,Date
ଦେଶର,of the country
ନାରାୟଣ,Narayan
ପରମ୍ପରା,tradition
ପାର୍ଶ୍ୱ,Side
ପାଳିତ,Nurtured
ପ୍ରଦର୍ଶନ,Performance
ପ୍ରମାଣ,Proof
ବିଭାଗରେ,In the section
ବିମାନ,Airplane
ବେଳକୁ,By the time
ମାନସିକ,Psychic
ମିଟର,meter
ଶତାବ୍ଦୀରେ,In the century
ସୁଦ୍ଧା,By the way
ସୁଯୋଗ,Opportunity
ହେବାକୁ,to be
୩୦,30
ଉଚ୍ଚତା,Height
କଂଗ୍ରେସ,Congress
ଗତି,Speed
ଗୁରୁ,Master
ଜଗନ୍ନାଥ,Jagannath
ଜଣାଶୁଣା,Known
ତରଳ,Liquid
ତୃତୀୟ,Third
ଦିବସ,Day
ପବିତ୍ର,holy
ବିକଶିତ,Developed
ମନ୍ଦିରରେ,Temple
ମହାପାତ୍ର,Mahapatra
ଯୋଜନା,Plan
ସଦସ୍ୟ,Member
ସମୁଦାୟ,Total
ସମ୍ପୂର୍ଣ୍ଣ,Complete
ହତ୍ୟା,Murder
୨୦୦୧,2001
ଅବସ୍ଥାରେ,In the situation
ଅଭାବ,shortage
ଅଭିନେତା,Actor
ଆଇନ,Law
ଏଥିପାଇଁ,For that
କୋଟି,crores
କ୍ରିକେଟ,Cricket
ଚିହ୍ନଟ,Identification
ଜଙ୍ଗଲ,Forest
ଜନ,Jan
ଡାକ୍ତରୀ,Medical
ତେଲୁଗୁ,Telugu
ଦଳରେ,in the team
ଦି,The
ଦୂରଦର୍ଶନ,Remote viewing
ନାୟକ,the hero
ପ୍ରଦାହ,Inflammation
ପ୍ରଯୋଜନା,Sponsorship
ବିଭକ୍ତ,Divided
ବେଶ,Besh
ମୁଣ୍ଡ,Head
ଲେଖିଥିଲେ,wrote
ଶରୀରର,of the body
ସହରରେ,In the city
ଅକ୍ଟୋବର,October
ଅନୁଭବ,Feeling
ଇଚ୍ଛା,Desire
ଇତିହାସ,History
ଉପର,above
କୁମାର,Kumar
କ୍ଷୁଦ୍ର,short
ଗୁଡିକ,s
ଜନଗଣନା,Census
ଡିସେମ୍ବର,Dec
ଦିଅନ୍ତି,gives
ଧୀରେ,Slowly
ପଣ୍ଡିତ,Scholar
ପାଇଥିଲା,got
ପ୍ରଜାତିର,species
ପ୍ରଣାଳୀ,System
ଭକ୍ତ,Bhakti
ଭୋଟ,Vote
ମିଳିଥାଏ,is found
ଯଥାକ୍ରମେ,respectively
ରାମ,Ram
ଲୋକେ,people
ଶିବ,Shiva
ସଂକ୍ରମିତ,Infected
ସମାଜ,Society
ସମ୍ପର୍କରେ,In relation
ସୁନ୍ଦର,Beautiful
ସୁବିଧା,facilities
ହେଇ,hey
ହେଉଥିଲା,was
୯,9
ଅନ୍ତର୍ଗତ,under
ଏହାଦ୍ୱାରା,By this
କରାଯାଇପାରେ,Can be done
କହିଲେ,said
କ୍ଷମତା,Capacity
ଗଛର,of trees
ଗୁଡ଼ିକ,All of them
ଛାଡ଼ି,Leave
ଜୀବନର,of life
ତଳେ,below
ଦିଆଯାଇଥିଲା,was given
ଧଳା,White
ନିୟୁତ,million
ପଟ୍ଟନାୟକ,Patnaik
ପଥର,Stone
ପରିଚାଳନା,Management
ପରିବାରରେ,in the family
ପୁଅ,Son
ପୂର୍ଣ୍ଣ,full
ପ୍ରଭାବ,Effect
ଫିଲ୍ମ,Film
ବଡ,big
ବର୍ଣ୍ଣିତ,Described
ଭଗବାନ,God
ଭୂମିକା,role
ଯେପରି,As
ରକ୍ତଚାପ,blood pressure
ଶ୍ରେଣୀ,Class
ସଂଳାପ,Dialogue
ସଂସ୍କୃତ,Sanskrit
ସାମାନ୍ୟ,slight
ସ୍ନାତକୋତ୍ତର,Graduate
ସ୍ୱାମୀ,Husband
ହାତରେ,in hand
ହୋଇଥାଏ।,happens.
୧୮,18
୨୫,25
blood,blood
ଅତ୍ୟଧିକ,Too much
ଅପରେଶନ,operation
ଆକାର,size
ଆଲୋକ,Light
ଉପନ୍ୟାସ,novel
ଏଠାକାର,Here
କଂଗ୍ରେସର,Congress
କରିଛି,Done
କହିଥିଲେ,Said
କେବେ,when
ଚର୍ମ,Skin
ଚିହ୍ନ,Sign
ଜଟିଳ,Complicated
ତାମିଲ,Tamil
ଦାୟିତ୍ୱ,Responsibilities
ଦେହରେ,in the body
ପାର୍ଟିର,of the party
ପୃଥିବୀରେ,On earth
ପ୍ରଚାର,Propaganda
ବାହାରେ,Outside
ମତରେ,In opinion
ମଧ୍ୟମ,medium
ମାନବ,Human
ଯିଏ,whoever
ରଖିଥିଲେ,kept
ରାଷ୍ଟ୍ରପତି,President
ରେଳ,Rail
ଲେଖକ,The writer
ସମ୍ଭବ,Possible
ସମୟର,of time
ସ୍ତର,level
ସ୍ଥାପିତ,Installed
ସ୍ଥିତ,Positioned
ସ୍ଥିର,Fixed
୧୩,13
୫୦,50
ଆଗରୁ,in advance
ଇଣ୍ଡିଆ,India
ଉତ୍ପାଦନ,Manufacturing
କମ୍ପାନୀ,Company
କମ୍ପ୍ୟୁଟର,computer
କରାଯାଇଥିବା,Done
କଳାକାର,Artist
ଘଣ୍ଟା,Clock
ଚତୁର୍ଥ,IV
ଜୀବନରେ,in life
ଠିକ,OK
ଡଲାର,dollar
ତିନୋଟି,Three
ଦିନରେ,during the day
ଧରଣର,Kind of
ଧାରଣ,retention
ନାମିତ,Named
ନିୟନ୍ତ୍ରଣ,control
ନୀତି,Policy
ପସନ୍ଦ,choice
ପିତାଙ୍କ,father
ପ୍ରଧାନ,Chief
ପ୍ରଭୃତି,Type
ଫେରି,Go back
ବରଣ,cover
ବାର୍ଷିକ,yearly
ବିଜୁ,BJ
ବିଜେ,BJ
ବିଶ୍ୱବିଦ୍ୟାଳୟରୁ,from university
ଭଉଣୀ,sister
ମତ,opinion
ମିଶି,Together
ମୃତ୍ୟୁବରଣ,dead
ମୋ,Mo
ଯାଇଥିଲେ,went
ରକ୍ଷା,Protection
ରାଜଧାନୀ,Capital
ରୂପ,appearance
ଲକ୍ଷ୍ୟ,Aim
ଲୋକମାନେ,People
ଶତାବ୍ଦୀର,century
ଶବ୍ଦର,of words
ସ୍ୱରୂପ,However
ହଜାର,thousand
ହାତ,hand
ହୋଇଥାନ୍ତି,are
୨୬,26
and,and
ଅଙ୍ଗ,organ
ଅନୁଷ୍ଠାନ,institution
ଆଘାତ,Injury
ଆର୍ଥିକ,Finance
ଉତ୍କଳ,Utah
ଉତ୍ସ,source
ଉନ୍ନତ,Advanced
ଏଥି,Of this
କରିବେ,Will do
କଳାକାରମାନେ,Artists
ଖାଇବା,to eat
ଗବେଷଣା,Research
ଜମି,Land
ଜାତ,Born
ତରଙ୍ଗ,the wave
ଦେବୀଙ୍କ,Goddess
ପରିଚୟ,Introduction
ପ୍ରସାରିତ,aired
ପ୍ରାଥମିକ,Primary
ଫୁଲ,Flowers
ବଳିଆ,Dhole
ବାହାରି,Get out
ଭାଷାର,of language
ମାଆ,Mother
ରୂପରେ,in form
ସଂଯୁକ୍ତ,Connected
ସପ୍ତାହ,week
ସମୁଦ୍ର,the sea
ସମ୍ପାଦକ,Editor
ସାଂଘାତିକ,Fatal
ସାମଲ,Samal
ସୀମା,border
ସ୍କୁଲରେ,at school
ସ୍ନାନ,Bath
ହ୍ରାସ,Reduction
୨୦୧୧,2011
୨୦୧୩,2013
୨୦୧୬,2016
୨୭,27
ଅଧ୍ୟୟନ,Study
ଆମ,Us
ଆମେରିକାର,American
ଆହୁରି,Also
ଆୟୋଜନ,Organization
ଉତ୍ତମ,Good
ଐତିହାସିକ,historical
ଓଡ଼ିଶୀ,The Odyssey
କଟକ,cut
କଣିକା,particles
କଥାଚିତ୍ରରେ,In cartoons
କମିଟି,Committee
କର,do
କଲରାପତରିଆ,Kalapataria
କ୍ରମେ,by
ଖର୍ଚ୍ଚ,expenses
ଗଲେ,Went
ଗୁମ୍ଫା,Cave
ଗ୍ରାମର,of the village
ଡି,d
ଦରକାର,need
ଦାନ,Donation
ଦିନେ,One day
ଦିଲ୍ଲୀ,Delhi
ଦେବତା,god
ନଗର,City
ନଷ୍ଟ,Damaged
ନିଯୁକ୍ତି,Recruitment
ନେତା,Leader
ପତ୍ନୀ,Wife
ପରିବେଶ,environment
ପାର୍ଟି,Party
ପୁନଃ,Again
ପୁରୁଣା,Old
ପୃଥିବୀର,of the earth
ପ୍ରକୃତ,True
ପ୍ରତିଷ୍ଠିତ,Established
ଫୁଟ,ft
ବର୍ଗ,sq
ବିଚାର,Judgement
ବିଜୟ,Victory
ବିଶାଳ,Huge
ବୌଦ୍ଧ,Buddhism
ବ୍ୟବସାୟ,Business
ବୟସ୍କ,adult
ମିଟର୍,m
ମୁକ୍ତ,Free
ମୋର,My
ଯଥେଷ୍ଟ,Enough
ରୋଗୀର,of the patient
ସଦର,Sadar
ସମସ୍ତେ,Everyone
ସମାପ୍ତ,Done
ସ୍ୱାଧୀନ,Independent
ହାରାହାରି,Average
୧୭,17
୨୦୦୯,2009
୨୪,24
୨୮,28
the,the
ଅନୁମତି,Permit
ଅବସର,Retirement
ଆଲୋଚନା,Discuss
ଆଶା,Hope
ଉପଲବ୍ଧ,Available
ଉପାୟ,way
କନ୍ୟା,girl
କରାଯାଉଛି,is being done
କରିବ,will do
କାର୍ଯ୍ୟରେ,in action
କୁମ୍ଭୀର,Crocodile
କେଉଁ,which
ଖେଳ,Play
ଗଜପତି,Gajapati
ଗଭୀର,Deep
ଚାଲି,Go on
ଛାଡି,Leaving
ଜନିତ,heavy
ତ୍ୟାଗ,give up
ତ‌ଥା,And so on
ଥିଲା।,was.
ଦେଖା,Look
ଦେବଙ୍କ,God's
ଦୈର୍ଘ୍ୟ,Length
ନଥିଲେ,was not
ନେବା,to take
ପକାଇ,drop
ପକ୍ଷରୁ,on behalf of
ପର୍ବ,Festival
ପାନ,Drink
ପାର୍ଶ୍ୱରେ,on the side
ପୌରାଣିକ,myth
ପ୍ରସ୍ତାବ,proposal
ପ୍ରାଣୀ,Animal
ପ୍ରାୟତଃ,often
ବଙ୍ଗଳା,Bengal
ବର୍ଷରେ,in the year
ବହନ,Carry
ବହୁଳ,Abundant
ବିକ୍ରୟ,Sale
ବିଭାଗର,of the department
ବିଶ୍ୱବିଦ୍ୟାଳୟ,University
ଭୁତାଣୁ,virus
ମନ୍ଦିରକୁ,To the temple
ମସ୍ତିଷ୍କ,Brain
ମାଛ,Fish
ଯାଇଥିବା,gone
ଯୋଗ୍ୟତା,qualification
ରଚିତ,Composed
ରହିଛନ୍ତି,Stayed
ରହିଛି।,There is
ଲାଗେ,It seems
ସ୍ତ୍ରୀ,woman
ହେଇଥାଏ,happens
ହେଇଥିଲେ,was
ହୋଇନାହିଁ,Not done
୧୯୯୦,1990
୨୦୧୩ରେ,In 2013
୭,7
ଅଣ୍ଡିରା,Andira
ଅଧୁନା,Study
ଅବତାର,Avatar
ଅବରୋଧ,blockade
ଅର୍ଜନ,Earn
ଅର୍ଥାତ,Meaning
ଅଶୋକ,Ashoka
ଆକାରର,of size
ଆକ୍ରାନ୍ତ,Outbreak
ଆଣ୍ଟିବାୟୋଟିକ,Antibiotics
ଆମେରିକା,America
ଆସିଥିଲେ,came
ଉତ୍ସବ,Celebration
ଉନ୍ନତି,Improvement
ଋତୁରେ,in season
ଏକମାତ୍ର,The only one
କଣ୍ଠଦାନ,Vocals
କରାଇ,Make it
କରାଯାଉଥିଲା,was being done
କୁକୁର,Dog
ଖୁବ,good
ଖେଳିଥିଲେ,played
ଗଳ୍ପ,Story
ଚନ୍ଦନ,Sandalwood
ଚରିତ୍ର,Character
ଚିତ୍ରନାଟ୍ୟ,Illustration
ଟେଷ୍ଟ,Test
ଥାଇ,Thai
ଦ୍ୱୀପ,Island
ନଦୀର,of the river
ନାମକରଣ,Nomenclature
ନିର୍ଭର,Trust
ପତ୍ରିକା,magazine
ପଦକ,Medal
ପରାମର୍ଶ,Advice
ପୂର୍ବେ,Previously
ପ୍ରଧାନମନ୍ତ୍ରୀ,Prime Minister
ପ୍ରବାହିତ,Flowing
ପ୍ରଶାସନିକ,administrative
ବସବାସ,Residence
ବାରମ୍ବାର,Again and again
ବାୟୁ,Air
ବିଚାରପତି,Judge
ବେଶୀ,more
ବ୍ରତ,Vow
ବ୍ରାହ୍ମଣ,Brahmin
ମହାବିଦ୍ୟାଳୟ,College
ମାତ୍ରାରେ,in measure
ମିଶ୍ରଣ,combination
ଯନ୍ତ୍ର,Machine
ଯାଉଥିବା,going
ଯିବା,to go
ଯେପରିକି,such as
ରଖିବା,keep
ରସ,Juice
ରାଜନୈତିକ,political
ସତ୍ତ୍ୱେ,Despite
ସମାଜରେ,In society
ସମେତ,including
ସର୍ବୋଚ୍ଚ,supreme
ସହାୟତା,Help
ସାକ୍ଷରତା,Literacy
ସି,c
ସେହିପରି,Likewise
ହିସାବରେ,In calculation
ହେତୁ,because of
ହୋଇଗଲା,Done
୧୧,11
୨୦୦୫,2005
୨୧,21
୪ଟି,4
ଅଣ୍ଡା,Egg
ଅନୁରୋଧ,Request
ଅନୁସରଣ,Follow up
ଅଭିନୀତ,starring
ଆକର୍ଷଣ,attraction
ଆଖି,eyes
ଆଦିବାସୀ,Tribal
ଆନ୍ଦୋଳନ,Movement
ଆସିଥିବା,came
ଇଂରେଜ,Irish
ଉଦାହରଣ,Example
ଏଥିରୁ,From this
ଏହିପରି,Thus
କମିଯାଏ,decreases
କରାଇଥିଲେ,made
କରାଯିବ,will be done
କରିପାରେ,can
କରିହେବ,can
କରୁଛି,doing
କଲିକତା,Calcutta
କଲେଜ,College
କୁହାଯାଇଥାଏ,It is said
କେ,K
ଗରମ,Hot
ଗୋଲ,Goal
ଘଟଣା,event
ଚଳଚ୍ଚିତ୍ରଟିର,of the movie
ଚାପ,Pressure
ଜଙ୍ଗଲରେ,In the forest
ଜାତିର,of caste
ଜିଲ୍ଲାରେ,In the district
ତଳ,Down
ତିଥିରେ,On Tithi
ଦୃଶ୍ୟ,Scenery
ଦୃଷ୍ଟି,Sight
ଦେଖିବା,Let's see
ଦ୍ରବ୍ୟ,Goods
ଦ୍ୱାର,The door
ଦ୍ୱାରା,by
ନିକଟସ୍ଥ,nearby
ନିମିତ୍ତ,for
ନିର୍ଦ୍ଦେଶିତ,Directed
ନିୟମିତ,regularly
ପରିଣତ,convert
ପି,P
ପିଲା,Child
ପ୍ରତିକ୍ରିୟା,response
ପ୍ରତିରୋଧ,Resistance
ପ୍ରଥା,custom
ପ୍ରଭୁ,Lord
ପ୍ରସବ,childbirth
ବଙ୍ଗଳାଦେଶୀ,Bangladeshi
ବର୍ତମାନ,Present
ବର୍ଷର,of the year
ବର୍ଷା,Rain
ବସନ୍ତ,Spring
ବିଶ୍ୱବିଦ୍ୟାଳୟରେ,In the university
ବିଶ୍ୱରେ,in the world
ବ୍ରହ୍ମା,Brahma
ମଣିଷ,Man
ମନ୍ଦିରଟି,The temple
ମାଂସପେଶୀ,muscles
ମାଈ,mother
ମାନ,Hon
ମିଶ୍ରିତ,Mixed
ଯେଉଁଠାରେ,where
ରାଜାଙ୍କ,of the king
ରାଜ୍ୟରେ,In the state
ଲମ୍ବା,tall
ଲାଗିଲେ,continued
ଶ୍ରେଣୀରେ,in class
ସଂଗ୍ରହ,Collection
ସଂଯୋଗ,Connection
ସଠିକ,Correct
ସର୍ବଦା,Always
ସାହିତ୍ୟିକ,Literary
ସାହୁ,Sahu
ସ୍ନାୟୁ,nerve
ହୋଇଛନ୍ତି,Done
ହୋଇଥିଲା।,happened.
୨୦୧୫,2015
୨୩,23
ଅଧିକାରୀ,Officer
ଅଧୀନରେ,Under
ଅନୁବାଦ,Translation
ଅସ୍ଥି,bone
ଆବଶ୍ୟକତା,Necessity
ଇଂରାଜୀରେ,In English
ଉଚିତ,Should
ଉଦ୍ଦେଶ୍ୟରେ,on purpose
ଏସିଆ,Asia
ଔଷଧର,of medicine
କଠିନ,Hard
କରାଯାଏ।,is done.
କରିପାରିବେ,can
କାର୍ଯ୍ୟକାରୀ,Effective
କାର୍ଯ୍ୟକ୍ରମ,program
କେନ୍ଦ୍ରୀୟ,Central
ଖରାପ,Bad
ଗୁଣ,Quality
ଗୁଣ୍ଡିଚା,Gundicha
ଘଟିଥିଲା,happened
ଘରୋଇ,Domestic
ଜନ୍ମିତ,born
ତତ୍କାଳୀନ,At that time
ତେଲ,Oil
ଦ,D
ଦିଆଯାଇଛି,Given
ଦିଗକୁ,towards
ଦୁର୍ବଳ,Weak
ଦେଇଥିଲା,gave
ଧାରା,Clause
ନାୟିକା,Heroine
ନିକଟକୁ,near
ନେଲେ,took
ପରିବେଷଣ,Service
ପରିମାଣର,quantity
ପାଇବା,get
ପାଏ,gets
ପାତ୍ର,pot
ପୋଲିସ,Police
ପ୍ରଜାତି,Species
ପ୍ରତିମା,Idol
ପ୍ରସାର,spread
ବର୍ଷରୁ,From the year
ବାଧା,obstacle
ବାମ,Left
ବିକାଶଶୀଳ,Developing
ବିବେଚନା,Consideration
ବିରାଟ,Huge
ବିରୁଦ୍ଧରେ,Against
ବ‌ହୁତ,a lot
ଭୂମି,land
ମଞ୍ଚ,Stage
ମାତାଙ୍କ,mother's
ମୁମ୍ବାଇ,Mumbai
ରହିଲେ,Stayed
ରାସ୍ତା,Road
ଲାଗିଲା,It took
ଶୁଷ୍କ,Dry
ସଂକଳନ,Compilation
ସଂଗଠନ,Organization
ସଂରକ୍ଷଣ,Conservation
ସଂସ୍କୃତି,Culture
ସଂସ୍ପର୍ଶରେ,In touch
ସମାଧାନ,Solution
ସମ୍ବନ୍ଧୀୟ,related to
ସାପ,Snake
ସାମିଲ,involved
ସୂର୍ଯ୍ୟ,Sun
ସେଥିପାଇଁ,That's why
ସ୍ଥଳ,land
ସ୍ଥାୟୀ,Persistent
ସ୍ପଷ୍ଟ,Obviously
ସ୍ୱଳ୍ପ,short
ସ୍ୱୀକୃତ,Recognized
ହେଉଥିଲେ,was happening
୧୯୭୭,1977
ଅପରାଧ,Crime
ଅପେକ୍ଷାକୃତ,Relatively
ଅପ୍ରେଲ,April
ଆନ୍ତର୍ଜାତୀୟ,International
ଆସିବା,to come
ଆସିଲେ,came
ଇଞ୍ଜେକସନ,injection
ଉପଦେଶ,Sermon
ଉପଶମ,The cure
ଉପାସନା,Worship
ଏଇ,AI
ଓଜନ,Weight
ଓଡ଼ିଆରେ,In Odia
କଥାଚିତ୍ରଟିରେ,In the cartoon
କରିଦିଏ,makes
କରିଦେଲେ,Did it
କଲରାପତ୍ରିଆ,cholera
କଷ୍ଟ,Difficulty
କିପରି,how
କ୍ଷତି,Loss
ଖୁବ୍,very
ଖୋଲା,Open
ଖ୍ରୀ,Mr
ଗଠିତ,consists of
ଗାଁ,Village
ଗାୟକ,Singer
ଘରକୁ,home
ଜାତି,Caste
ଜ୍ୱର,Fever
ତାପରେ,Then
ତୁମେ,you
ଥେରାପି,Therapy
ଦାବି,claim
ଦିଆ,given
ଦିଏ,gives
ଦୁଇଥର,Twice
ଦୃଷ୍ଟିରୁ,in terms of
ଦେଇଛନ୍ତି,gave
ଦେଖାଯାନ୍ତି,appear
ନଳୀ,duct
ନିଯୁକ୍ତ,Appointed
ନିର୍ଗତ,released
ନିଷ୍ପତ୍ତି,decision
ପଡ଼େ,falls
ପତ୍ରିକାରେ,in the magazine
ପରାସ୍ତ,Defeated
ପରିଚାଳିତ,Managed
ପରିମାଣ,quantity
ପରିଲକ୍ଷିତ,Observed
ପର୍ବତ,Mountain
ପର୍ଯ୍ୟଟନ,Tourism
ପାଇଲେ,Got it
ପାଖକୁ,next to
ପାଠ,Text
ପ୍ରଚଳିତ,current
ପ୍ରଜନନ,Breeding
ପ୍ରତିନିଧି,Representative
ପ୍ରତିଷେଧ,Prohibition
ଫୁଟ୍,ft
ବନ୍ଦର,port
ବିଂଶ,Twenty
ବିରୋଧ,Protest
ବିସ୍ତାର,Expansion
ଭିତର,Inside
ମଠ,Monastery
ମନେ,remember
ମହିଳାଙ୍କ,Women's
ମାଟି,Clay
ମୂଖ୍ୟ,main
ମୋଗଲ,Mughal
ମୌଳିକ,Basic
ଯଦିଓ,Although
ଯୁଗର,of the age
ଯୋଗଦାନ,engagement
ରହୁଥିବା,living
ରାତିରେ,At night
ରୋଗୀଙ୍କର,of the patient
ଲେଖାଏଁ,respectively
ଶରୀରରେ,in the body
ଶାସ୍ତ୍ରୀୟ,Classical
ଶୀଘ୍ର,Soon
ଶୀତ,Winter
ଶ୍ରୀମନ୍ଦିର,of the temple
ସଂଖ୍ୟାରେ,in numbers
ସଂରକ୍ଷିତ,Reserved
ସଭାପତି,President
ସମର୍ଥନ,Support
ସମ୍ବାଦ,News
ସରଳ,Simple
ସର୍ବ,All
ସେଥିରୁ,Of that
ସେବନ,Consumption
ସ୍ୱର,Voice
ହିମାଳୟ,The Himalayas
୨୦୦୦,2000
୨୦୧୧ରେ,In 2011
୨୦୧୪ରେ,In 2014
୨୦୧୭,2017
୨୦୧୯,2019
୨୯,29
୮,8
ଅଂଶଗ୍ରହଣ,Participation
ଅଧ୍ୟକ୍ଷ,Chairman
ଅନନ୍ତ,Eternity
ଅବଦାନ,Contribution
ଅବସ୍ଥାନ,Location
ଅସାଧାରଣ,Unusual
ଆଇ,I
ଆଧାରିତ,based on
ଆନନ୍ଦ,Joy
ଆଫ୍ରିକା,Africa
ଆବିଷ୍କୃତ,Discovered
ଇତିହାସରେ,In history
ଉଚ୍ଚତମ,the highest
ଉତ୍ସବରେ,In celebration
ଉଦ୍ୟାନର,of the garden
ଉପରକୁ,up
ଉଲ୍ଲେଖନୀୟ,Remarkable
ଏକା,Alone
ଏଣୁ,Therefore
ଏମାନଙ୍କୁ,To them
କଥିତ,Spoken
କରାଯିବା,to be done
କରିଦେଇଥିଲେ,had done
କରିବାଦ୍ୱାରା,by doing
କାବ୍ୟ,Poetry
କିଶୋର,teenager
କୁମାରୀ,Virgin
କୁହନ୍ତି,says
କୃଷି,Agriculture
କେତେ,how much
ଗୋଟି,Gotti
ଚଳଚ୍ଚିତ୍ରଟି,The movie
ଚୟନ,Selection
ଜାଗାରେ,in place
ଜାଣିବା,to know
ଜୀବାଣୁ,Bacteria
ତଥାପି,However
ତାର,Wire
ଥଣ୍ଡା,Cold
ଥାଆନ୍ତି,is
ଦୀର୍ଘକାଳୀନ,Long term
ଦେଖାଯାଇଛି,is shown
ଦେହର,Deher
ଧର୍ମର,of religion
ଧାରାବାହିକରେ,in series
ଧିରେ,Slowly
ନଡ଼ିଆ,Coconut
ନଥିବା,not
ନଥିଲା,There was no
ପଡ଼ିଥିଲା,had fallen
ପତି,Spouse
ପରଲୋକ,Hereafter
ପିଲାଙ୍କ,child's
ପୁରୀ,Puri
ପ୍ରକଳ୍ପ,project
ପ୍ରତିଦିନ,Every day
ପ୍ରତିନିଧିତ୍ୱ,representation
ପ୍ରାଣ,the soul
ପ୍ରେମ,Love
ବଙ୍ଗଳାଦେଶର,of Bangladesh
ବାତ,Arthritis
ବିପରୀତ,opposite
ବେମାରୀ,Illness
ବୈଜ୍ଞାନିକ,Scientist
ବୟସରୁ,From age
ମଣ୍ଡେଲା,Mandela
ମନରେ,in mind
ମହାପ୍ରଭୁଙ୍କ,Lord's
ମାନଙ୍କୁ,to
ମି,m
ମିଠା,Sweet
ମିଳିଲା,Found
ମୁକ୍ତି,Redemption
ମୋହନ,Mohan
ଯକୃତ,Liver
ଯାଆନ୍ତି,goes
ଯୁଦ୍ଧରେ,in war
ଯୌନ,Sex
ରହିଲା,remained
ରୋଜଗାର,Employment
ଲଢ଼ିଥିଲେ,fought
ଲୋମ,Wool
ଶାଖା,Branch
ଶ୍ରୀଲଙ୍କା,Sri Lanka
ସଂଖ୍ୟକ,No
ସଂଗୀତ,Music
ସଂଘ,Union
ସନ୍ଧ୍ୟା,Evening
ସର୍ବଶ୍ରେଷ୍ଠ,the best
ସହଜରେ,Easily
ସାଂସଦ,MP
ସିଦ୍ଧାନ୍ତ,Conclusion
ସେଠାରୁ,From there
ସେନା,Army
ସ୍ଥାପତ୍ୟ,Architecture
ସ୍ଥାପନା,Installation
ସ୍ଥିତି,Status
ହେବାରୁ,because
ହ୍ରଦ,Lake
୧୯୮୫,1985
୧୯୯୩,1993
୨୦୦୪,2004
୨୦୧୮,2018
୨୨,22
a,a
ଆଜି,Today
ଆଞ୍ଚଳିକ,Regional
ଆଡକୁ,towards
ଆସୁଥିବା,coming
ଆୟ,income
ଆୟୋଜିତ,Organized
ଉଦ୍ଦେଶ୍ୟ,Purpose
ଉଦ୍ଧାର,Salvation
ଉଦ୍ୟାନ,Garden
ଏପରିକି,even
ଏମିତି,Even so
କମ୍ପାନୀର,of the company
କରିପାରନ୍ତି,can
କରୁ,do
କରୁଥିଲା,was doing
କହି,saying
କ୍ରମଶଃ,gradually
ଖବର,News
ଖ୍ରୀଷ୍ଟପୂର୍ବ,BC
ଖ୍ରୀଷ୍ଟାବ୍ଦ,A.D
ଗଣନା,count
ଗାଁରେ,In the village
ଗିରଫ,Arrest
ଗୀତଗୁଡ଼ିକ,Songs
ଗୁରୁତ୍ୱପୂର୍ଣ୍ଣ,Important
ଗ୍ରନ୍ଥ,Text
ଚରଣ,phase
ଚାରୋଟି,Four
ଛାତ୍ର,Student
ଜଡିତ,involved
ଜାରି,Continued
ଜାହାଜ,Ship
ଜେନା,Jenna
ଜେନେଟିକ,Genetic
ଜୈନ,Jain
ଜ୍ଞାନ,Knowledge
ତାପମାତ୍ରା,Temperature
ତା’ପରେ,After that
ତୁଳନାରେ,In comparison
ତ୍ରିପାଠୀ,Tripathi
ଥିଲେ।,was
ଦଣ୍ଡ,Punishment
ଦୀର୍ଘ,Long
ଦୂରତା,Distance
ଦେଖିଲେ,Saw
ଧକ୍କା,hit
ନା,No
ନାରୀ,woman
ନିର୍ଦ୍ଦେଶ,Instruction
ନିୟୋଜିତ,Engaged
ନୃସିଂହ,Narasingha
ପଦ୍ଧତି,method
ପରିବର୍ତ୍ତେ,instead of
ପରୀକ୍ଷଣ,Test
ପାଣିରେ,in the water
ପାରିବ,Can
ପୁରାଣ,Purana
ପୂର୍ବତନ,Ex
ପେଟ,Stomach
ପ୍ରକୃତି,Nature
ପ୍ରଚଳନ,trend
ପ୍ରଜା,People
ପ୍ରତିଯୋଗିତାରେ,In competition
ପ୍ରଦର୍ଶିତ,Displayed
ପ୍ରବନ୍ଧ,Essay
ପ୍ରଶାନ୍ତ,Pacific
ପ୍ରସ୍ତର,stone
ପ୍ରାରମ୍ଭିକ,Initial
ବନ୍ଧୁ,friend
ବାଟ,Way
ବାନ୍ତି,Vomiting
ବାହାରକୁ,Get out
ବିନା,without
ବିଷ୍ଣୁ,Vishnu
ବେକ,Neck
ବ୍ୟକ୍ତିଗତ,Private
ଭାଙ୍ଗି,broken
ଭାର,Load
ଭି,V
ଭିତରକୁ,In
ଭୁବନେଶ୍ୱର,Bhubaneswar
ମନ,Mind
ମନା,Refusal
ମସଲା,spice
ମହାରାଜା,Maharaja
ମାତ୍ରା,Dose
ମାଧ୍ୟମ,medium
ମିଳିଛି,Got it
ମିଳୁଥିବା,found
ମୁସଲମାନ,Muslim
ମୂଖ୍ୟତଃ,Mainly
ମୃତ୍ୟୁର,of death
ଯତ୍ନ,Care
ଯାଇଛି,Gone
ଯାଇଥାଏ,goes
ରହିଥାନ୍ତି,are living
ରାଜି,Agreed
ରାୟ,Verdict
ଲାଗୁ,App
ଲାଲ,Red
ଲେଖିକା,Writer
ଲୌହ,Iron
ଶରତ,Autumn
ଶିଳ୍ପ,Industry
ଶୁକ୍ଳ,dry
ସଂଗ୍ରାମୀ,Fighter
ସଭାର,Assembly
ସଭ୍ୟ,Civilized
ସମ୍ପୁର୍ଣ୍ଣ,Complete
ସମ୍ରାଟ,Emperor
ସମୟକ୍ରମେ,over time
ସହାୟତାରେ,with help
ସାଂସ୍କୃତିକ,Cultural
ସାଗର,Sea
ସିନ୍ଧୁ,Indus
ସୀମିତ,Limited
ହେବାପରେ,When
୧୨ଟି,12
୧୯୬୭,1967
୨ଟି,2
୨୦୦୨,2002
୨୦୦୭ରେ,In 2007
୨୦୧୦,2010
୨୦୧୨,2012
୨୦୧୫ରେ,In 2015
୪୦,40
୫ଟି,5
ଅଧ୍ୟାପକ,Lecturer
ଅନୁସନ୍ଧାନ,Research
ଅନ୍ତର୍ଜାତୀୟ,International
ଅଭିହିତ,Accused
ଅଭ୍ୟାସ,Practice
ଅମ୍ଳଜାନ,Oxygen
ଅରଣ୍ୟ,Forest
ଅରୁଣ,Arun
ଅର୍ଥାତ୍,ie
ଅର୍ପଣ,Offering
ଆଡ଼କୁ,toward
ଆଦିରେ,In the beginning
ଆନ୍ଦୋଳନର,of movement
ଆସିଛି,has come
ଆସିଥିଲା,came
ଆସୁଛନ୍ତି,coming
ଆସେ,comes
ଉଦ୍ୟମରେ,in effort
ଉପକାର,Benefit
ଉର୍ଦ୍ଧ୍ୱ,Height
ଋଷି,Russian
ଏକାଧିକ,Multiple
ଏଠାରୁ,From here
ଏପ୍ରିଲ,April
ଏଭଳି,Thus
ଏମ୍,M
କରା,Done
କରୁଥିଲେ।,was doing.
କଳାରେ,in art
କହନ୍ତି,says
କାଗଜ,Paper
କାଟି,cut
କାଳରୁ,since time immemorial
କୁହାଯାଇଛି,It has been said
କୃତ୍ରିମ,Artificial
କେନ୍ଦ୍ରରେ,In the center
କ୍ଷେତ୍ରଫଳ,field
ଖାଇଲେ,ate
ଗଣେଶ,Ganesh
ଗର୍ଭ,womb
ଗଲା,Gone
ଗାଡ଼ି,rolling
ଗୃହ,House
ଚାଳନା,Driving
ଚିନ୍ତା,worry
ଚୀନ୍,China
ଜଡ଼ିତ,involved
ଜାପାନର,of Japan
ତ,So
ଦକ୍ଷ,efficient
ଦିଆଗଲା,Given
ଦିଗ,Direction
ଦେଉଳ,Don't give
ଦୈନିକ,Daily
ଧର୍ମରେ,In religion
ଧାରଣା,concept
ଧାର୍ମିକ,Righteous
ଧ୍ୟାନ,Attention
ନଦୀରେ,in the river
ନମ୍ବର,No
ନରେନ୍ଦ୍ର,Narendra
ନାନା,Nana
ନିଆଯାଇଥିଲା,was taken
ନିକଟତମ,the closest
ନେତୃତ୍ୱ,Leadership
ପଞ୍ଜାବୀ,Punjabi
ପଟେ,On the other hand
ପରସ୍ପର,each other
ପରିସ୍ରା,Urine
ପରୀକ୍ଷାରେ,In the exam
ପାକିସ୍ତାନ,Pakistan
ପାଟିରେ,In the mouth
ପାରନ୍ତି,can
ପିଲାମାନେ,Children
ପୂରଣ,Completion
ପୃଥିବୀ,Earth
ପ୍ରକୃତରେ,Indeed
ପ୍ରଚେଷ୍ଟା,Try
ପ୍ରତିକ୍ରିୟାରେ,In response
ପ୍ରତିଷ୍ଠାତା,Founder
ପ୍ରସାଦ,Prasad
ବଂଶର,of descent
ବଙ୍ଗାଳୀ,Balling
ବନ୍ଧ,Dam
ବନ୍ଧୁତା,friendship
ବର୍ତ୍ତମାନର,Current
ବସି,Sitting down
ବସ୍ତୁ,object
ବସ୍ତ୍ର,Clothes
ବହି,Book
ବାକି,The rest
ବାଘଙ୍କ,tiger's
ବାଲେଶ୍ୱର,Baltimore
ବାଳିକା,Girls
ବାହ୍ୟ,outside
ବିଚରଣ,Interrogation
ବିଜୟୀ,victorious
ବିଦେଶରେ,Abroad
ବିଧି,statute
ବିବରଣୀ,Details
ବୁଝାଏ,Explains
ବ୍ୟବ‌ହୃତ,Used
ଭାଗବତ,Bhagwat
ଭୌଗୋଳିକ,geographical
ଭ୍ରମଣ,Travel
ମଞ୍ଜି,The seed
ମଧ୍ଯ,also
ମନୋନୀତ,Selected
ମନ୍ତ୍ର,Mantra
ମହାଦେବ,Mahadev
ମହାପ୍ରଭୁ,Lord
ମାନଙ୍କର,of
ମାପ,Measure
ମାମଲା,Case
ମିଶାଇ,including
ମୋଟା,Thick
ଯାହାଦ୍ୱାରା,so that
ଯିଏକି,whoever
ଯୁକ୍ତ,compounded
ଯୁବ,Youth
ଯେଉଁମାନେ,who
ଯେକୌଣସି,Any
ଯୋଗାଣ,Supply
ଯୋଗ୍ୟ,Worthy
ରଖାଯାଏ,is kept
ରାଜସ୍ୱ,Revenue
ରାଣୀ,Queen
ରାମଚନ୍ଦ୍ର,Ramachandra
ଲକ୍ଷ୍ମୀ,Lakshmi
ଶବ୍ଦଟି,The word
ଶିକ୍ଷାଗତ,Educational
ଶ୍ରୀଲଙ୍କାର,of Sri Lanka
ସକାଳ,Morning
ସକ୍ଷମ,Able
ସମାନତା,Equality
ସମ୍ପନ୍ନ,Done
ସମ୍ପର୍କୀୟ,relative
ସମ୍ବନ୍ଧରେ,regarding
ସମ୍ଭାବ୍ୟ,Possible
ସମ୍ମୁଖରେ,in front of
ସହଜ,Easy
ସାମ୍ରାଜ୍ୟ,Empire
ସିଧା,Straight
ହୁଏ।,happens.
ହୃତ୍‌ପିଣ୍ଡ,Heart
୧୯,19
୧୯୫୮,1958
୧୯୬୦,1960
୧୯୬୧,1961
୧୯୮୦,1980
୧୯୮୧,1981
୧୯୮୮,1988
୧୯୯୫,1995
୨ୟ,2nd
୨୦୦୭,2007
୨୦୦୮,2008
୨୦୧୬ରେ,In 2016
୨୦୧୭ରେ,In 2017
୨୦୨୦,2020
୩ଟି,3
୬୦,60
୭ଟି,7
in,in
low,low
ଅଜ୍ଞାତ,unknown
ଅଟେ।,is
ଅତିଥି,Guest
ଅଥବା,Or
ଅଦାଲତ,Court
ଅଧ୍ୟାୟ,Chapter
ଅବସରରେ,On occasion
ଆଣି,brought
ଆତ୍ମହତ୍ୟା,Suicide
ଆଦେଶ,Order
ଆଫ୍ରିକୀୟ,African
ଆବିଷ୍କାର,Discovery
ଆରୋଗ୍ୟ,Healing
ଆସିଥାନ୍ତି,They come
ଆସିଲା,came
ଉତ୍ତୀର୍ଣ୍ଣ,passed
ଉଦ୍ୟାନରେ,in the garden
ଏକଦା,Once upon a time
ଏକାଠି,Together
ଏତେ,So much
ଏସିଆର,of Asia
ଏୟାର,Air
ଓଜନିଆ,weighty
କଟା,cut
କରନ୍ତି।,does.
କରାଯାଉଥିବା,being done
କରିଛନ୍ତି।,Done.
କରିସାରିଛନ୍ତି,done
କଲେ।,did.
କିମ୍ବଦନ୍ତୀ,Legend
କୂଳରେ,on the shore
କେନେଡ଼ି,Kennedy
ଖୋଦିତ,Engraved
ଖ୍ୟାତ,Famous
ଗୋଡ଼,legs
ଗ୍ରୀକ୍,Greek
ଗ୍ରୀଷ୍ମ,Summer
ଘାଟ,Ghat
ଚିକିତ୍ସାରେ,in treatment
ଚୀନର,of China
ଜଙ୍ଗଲର,of the forest
ଜର୍ମାନୀ,Germany
ଜଳବାୟୁ,Climate
ଜାଣି,knowing
ଜାଣିବାକୁ,to know
ଜିତିଥିଲେ,won
ଝରଣା,Stream
ଟିକେ,A bit
ଠାକୁର,Chorus
ତପସ୍ୟା,Penance
ତୁ,you
ତୁଳସୀ,Tuscany
ତୃଣଭୋଜୀ,herbivore
ଦକ୍ଷିଣରେ,in the south
ଦଶ,Ten
ଦାଗ,Stain
ଦୁଇଜଣ,Two
ଦୁନିଆରେ,in the world
ଦେଇଥିଲେ।,gave
ଦେଉଥିଲେ,was giving
ଦେହ,Body
ନାଟକରେ,In the play
ନାହିଁ।,No.
ନିକଟବର୍ତ୍ତୀ,near
ନିଜସ୍ୱ,own
ନିରନ୍ତର,Continually
ନିର୍ଦ୍ଦେଶନାରେ,under direction
ନିର୍ବାହ,Execution
ନେପାଳର,of Nepal
ପକ୍ଷ,side
ପଛକୁ,Back
ପଛରେ,Behind
ପଞ୍ଜାବ,Punjab
ପଟ,side
ପଡେ,falls
ପଢ଼ିଥିଲେ,had studied
ପଥ,Path
ପରିଗଣିତ,considered
ପରିବର୍ତ୍ତିତ,Changed
ପରିମାଣରେ,in quantity
ପର୍ଯ୍ୟଟକଙ୍କ,Tourists
ପହଞ୍ଚି,Arrived
ପହଞ୍ଚିଲେ,Arrived
ପାଆନ୍ତି,gets
ପାଞ୍ଚ,Five
ପାଦ,Foot
ପାଦରେ,on foot
ପାରେ,Can
ପାର୍ଥକ୍ୟ,difference
ପାହାଡ଼,Hills
ପୁନର୍ବାର,Again
ପୁରାଣରେ,In mythology
ପୂଜାର୍ଚ୍ଚନା,Worship
ପୂର୍ଣ୍ଣିମା,full moon
ପୂର୍ବକ,In the past
ପ୍ରଣୟନ,Implementation
ପ୍ରଦେଶ,province
ପ୍ରଦେଶର,of the province
ପ୍ରବାହ,Flow
ପ୍ରମାଣିତ,Proven
ଫସଲ,crop
ଫୁଟବଲ,Football
ଫୁଲା,Swollen
ବଜାର,Market
ବଦଳରେ,instead of
ବର,Bride
ବଳରେ,by force
ବାଘୁଣୀ,Tiger
ବାଣିଜ୍ୟ,Commerce
ବାବଦରେ,In between
ବାଳକ,Boy
ବିଜ୍ଞାନରେ,in science
ବିଜ୍ଞାନୀ,Scientist
ବିରଳ,Rare
ବିଶେଷତଃ,Especially
ବିହାର,Bihar
ବୁଦ୍ଧ,Buddha
ବୃହତ,Large
ବ୍ୟବସ୍ଥାରେ,in arrangement
ବ୍ୟାୟାମ,Exercise
ଭକ୍ତି,Devotion
ଭର୍ତ୍ତି,stuffed
ଭାରତକୁ,to India
ମଙ୍ଗଳ,Mars
ମଡେଲ,model
ମତେ,Me
ମଦ୍ୟ,Alcohol
ମଧ୍ୟକୁ,between
ମହିଳାମାନେ,Women
ମାଂସ,Meat
ମାନଙ୍କଦ୍ୱାରା,by
ମାସର,of the month
ମିନିଟ,min
ମିନିଟ୍,min
ମୁଖ୍ୟମନ୍ତ୍ରୀ,Chief Minister
ମୁତାବକ,Appropriate
ମୁଦ୍ରା,Currency
ମୃତ,Dead
ମେ,May
ମେଡିକାଲ,Medical center
ଯାଇଥାନ୍ତି,are gone
ରକ୍ତସ୍ରାବ,Bleeding
ରଖନ୍ତି,keep
ରଖାଯାଇଛି,is kept
ରଘୁନାଥ,Raghunath
ରଥର,of the chariot
ରହନ୍ତି,Lives
ରହୁଥିଲେ,Lived
ରାଉତ,Rout
ରାଜନୀତିଜ୍ଞ,Politician
ରାଜୁତି,Rajuthi
ରାସ୍ତାରେ,on the road
ରେଖା,line
ଲକ୍ଷ୍ମଣ,Lakshmana
ଲଙ୍କା,Pepper
ଲାଗିଛି,It's stuck
ଲାଲ୍,Red
ଲୋହିତ,Red
ଶକ୍ତିର,of strength
ଶକ୍ତିଶାଳୀ,Strong
ଶବ୍ଦରୁ,from the word
ଶାନ୍ତି,Peace
ଶିକ୍ଷାଦାନ,Teaching
ଶିବଙ୍କ,Shiva's
ଶୈଳୀରେ,in style
ଶ୍ରୀରାମକୃଷ୍ଣ,Sri Ramakrishna
ଷଷ୍ଠ,Sixth
ସଂଯୋଜନା,Coordination
ସଂସ୍କରଣ,version
ସଂସ୍କାର,Reformation
ସତ୍ୟ,True
ସନ୍ଥ,Saint
ସନ୍ଦେହ,Suspicion
ସବୁବେଳେ,Always
ସମସ୍ତଙ୍କୁ,Everyone
ସମାଜର,of society
ସମୂହ,Group
ସମ୍ପାଦନା,editing
ସମ୍ବିଧାନ,Constitution
ସମ୍ବିଧାନର,of the Constitution
ସମ୍ମୁଖୀନ,Facing
ସହାୟକ,Assistant
ସାନ,younger
ସାମ୍ବାଦିକ,Journalist
ସିଂ,Singh
ସିଂହାସନ,The throne
ସିନେମା,Cinema
ସୌର,solar
ସ୍ଥଳୀ,Dwelling
ସ୍ଥାନମାନଙ୍କରେ,in places
ସ୍ଥାନର,of place
ସ୍ଥାନିତ,Placed
ସ୍ୱର୍ଣ୍ଣ,Gold
ସ୍ୱୀକୃତି,Acknowledgment
ହଠାତ,suddenly
ହନୁମାନ,Hanuman
ହଳଦିଆ,Yellow
ହିମାଳୟର,of the Himalayas
ହେଇଛି,It's done
ହେଇଥିବା,to be
ହୋଇଗଲେ,Done
୧୦୦,100
୧୦୦୦,1000
୧୯୪୬,1946
୧୯୫୨,1952
୧୯୫୫,1955
୧୯୫୭,1957
୧୯୮୩,1983
୧୯୯୪,1994
୧୯୯୯,1999
୨୦୦,2000
୨୦୦୩,2003
୨୦୦୬ରେ,In 2006
୨୦୦୮ରେ,In 2008
୪ର୍ଥ,4th
୫୦୦,500
disease,disease
disorder,disorder
medication,medication
p.,p.
pain,pain
world,world
ଅଞ୍ଚଳକୁ,to the region
ଅତିକ୍ରମ,beyond
ଅଦ୍ୟାବଧି,Until now
ଅଧିନିୟମ,Act
ଅଭିଯୋଗ,Allegation
ଅଭୟାରଣ୍ୟ,Sanctuary
ଅର୍ଜୁନ,Arjuna
ଅର୍ଥନୈତିକ,Economics
ଆଗରେ,Ahead
ଆଗ୍ରହ,Interest
ଆଜ୍‌ମା,Asthma
ଆଣିବା,bring
ଆଣ୍ଡ,and
ଆରବ,Arab
ଆଶଙ୍କା,Fear
ଆସିଥାଏ,comes
ଆୟତନ,Volume
ଇସ୍ତଫା,Resignation
ଉତ୍କୃଷ୍ଟ,Excellent
ଉତ୍ତର-ପୂର୍ବ,Northeast
ଉଦ୍ଭିଦ,Plant
ଉପପ୍ରଜାତି,Subspecies
ଉପଭୋଗ,Enjoyment
ଉପାୟରେ,By the way
ଏ.,A.
ଏକାଡେମୀର,of the academy
ଏମ,M
ଏସବୁ,That's it
ଏସିଡ,acid
ଏସୀୟ,Asian
ଏହାଛଡା,Besides
କଟକର,Cutter
କଥାଚିତ୍ରର,of cartoons
କଥାବାର୍ତ୍ତା,Conversation
କରଯାଇଥିଲା,was done
କରାଯାଇପାରିବ,Can be done
କରିପାରିବ,Can
କରିବାପାଇଁ,to do
କରିବାରୁ,because
କର୍ମଚାରୀ,Staff
କଲାବେଳେ,while doing
କଲେଜରେ,In college
କାନ୍ଥ,The wall
କାନ୍ଧ,shoulder
କାର୍ଯ୍ୟକ୍ରମର,of the program
କାର୍ଯ୍ୟକ୍ରମରେ,In the program
କିଏ,who
କିମି,km
କୀଟ,insect
କୃତି,Katie
କ୍ୱଚିତ,Rarely
କ୍ୱାଣ୍ଟମ,Quantum
ଖବରକାଗଜ,newspaper
ଖେଳାଳୀ,Player
ଖେଳିବା,to play
ଖ୍ୟାତି,Fame
ଗାଇ,Guy
ଗାଇଥିଲେ,sang
ଗାଢ଼,dark
ଗୁଡ଼ିଏ,many
ଗୁପ୍ତ,Secret
ଗୁରୁତ୍ୱ,Importance
ଗୋଲାକାର,Round
ଗୋସ୍ୱାମୀ,Goswami
ଘେରି,surround
ଚଉତିଶା,Chautisha
ଚର୍ବି,Fat
ଚିତ୍ରରେ,In the picture
ଚୀନ,China
ଜଟିଳତା,Complexity
ଜନସଂଖ୍ୟାର,of population
ଜଳରେ,in the water
ଜାନୁୟାରୀ,January
ଜେ,J
ଜୋରିମାନା,Penalty
ଜ୍ୟୋତି,Shine
ଜୟ,Jai
ଟାଇପ,Type
ଟିଭି,TV
ଟେଲିଭିଜନ,Television
ଠାକୁରଙ୍କୁ,To the singer
ଠିକ୍,Right
ଡାକ,Call
ତତ୍ତ୍ୱ,theory
ତନ୍ତୁ,So
ତାଲିକାରେ,In the list
ତୀର୍ଥ,Pilgrimage
ତୁରନ୍ତ,Immediately
ଦକ୍ଷତା,Ability
ଦକ୍ଷିଣ-ପୂର୍ବ,Southeast
ଦାଶ,Slave
ଦୀପକ,Deepak
ଦୁର୍ଗ,Castle
ଦୁର୍ଗା,Durga
ଦୂରେଇ,Away
ଦେଇଥିବା,gave
ଦେଖାଯାଇପାରେ,can be seen
ଦେଖାଯାଉଥିବା,visible
ଦୌଡ଼,run
ଧୋଇ,wash
ନାଚ,Dance
ନାଟ୍ୟ,Drama
ନାନାଦି,Nanadi
ନିଏ,Takes
ନିର୍ଦ୍ଧାରିତ,Scheduled
ନିୟମ,Law
ନ୍ୟାୟାଳୟର,of the court
ପତଳା,Thin
ପଦବୀରେ,in position
ପର,after
ପରଦିନ,The next day
ପରିସ୍ଥିତି,Situation
ପରିସ୍ଥିତିରେ,Under the circumstances
ପାଇଛନ୍ତି,got
ପାପ,Sin
ପାରମ୍ପାରିକ,Traditional
ପୁରସ୍କାରପ୍ରାପ୍ତ,award winning
ପୁରୁଷୋତ୍ତମ,Masculine
ପ୍ରକାଶନ,Publishing
ପ୍ରକ୍ରିୟା,Process
ପ୍ରତାପ,Glory
ପ୍ରତୀକ,symbol
ପ୍ରବଳ,Strong
ପ୍ରଶଂସା,Appreciation
ପ୍ରଶାସନ,Administration
ପ୍ରସଙ୍ଗ,Context
ପ୍ରସ୍ତୁତି,Preparation
ପ୍ରାରମ୍ଭରେ,Initially
ପ୍ରିୟଙ୍କା,Darling
ପ୍ରୋଟିନ,Protein
ବଦଳି,changed
ବଳରାମ,Balaram
ବାର୍ତ୍ତା,The message
ବାହିନୀ,Forces
ବିଗ୍ରହ,Alien
ବିଜ୍ଞାପନ,Advertising
ବିପଦ,Danger
ବିଫଳ,failed
ବିରୋଧରେ,Against
ବିରୋଧୀ,Opposition
ବିଶ୍ୱକପ,World Cup
ବିଶ୍ୱବିଦ୍ୟାଳୟର,University
ବିଷକ୍ରିୟା,Poisoning
ବିସ୍ତୃତ,Detailed
ବୀର,Hero
ବୁଦ୍ଧଙ୍କ,Buddha's
ବୃକ୍ଷ,tree
ବୃହତ୍,huge
ବେଦ,The Vedas
ବେଶରେ,in disguise
ବ୍ୟାପକ,Broad
ବ୍ୟାପ୍ତ,Pervasive
ଭଜନ,Hymn
ଭିତରୁ,from within
ଭୁଲ,Wrong
ଭୋଜନ,meal
ମଝିରେ,in between
ମଣ୍ଡପ,Mandap
ମନୋରଞ୍ଜନ,Entertainment
ମହକୁମା,Government
ମହାକାଶ,Space
ମହାନ,Great
ମହାବଳ,great strength
ମହାବିଦ୍ୟାଳୟରେ,In college
ମହାଭାରତ,Mahabharata
ମାଆଙ୍କ,mother's
ମାଟିରେ,In the soil
ମାରି,Marie
ମିଳନ,union
ମୁଖ,Mouth
ମୁମ୍ବାଇରେ,In Mumbai
ମୁହଁ,face
ଯିବାକୁ,to go
ରକ୍ତରେ,in blood
ରଥଯାତ୍ରା,ride
ରଥରେ,in the chariot
ରହିଅଛି,remaining
ରହିପାରେ,May be
ରାଓ,Rao
ରାଜ,King
ରାଜନୀତି,Politics
ରାଜପଥ,Highway
ରାଜ୍ଯ,Kingdom
ରୋକିବା,prevent
ରୋଗୀଙ୍କ,of patients
ରୋଜା,Rosa
ଲଣ୍ଡନରେ,In London
ଲୀଳା,Lyla
ଲେଖି,By writing
ଲେଖିଛନ୍ତି,wrote
ଲେଖିବା,to write
ଲୋକପ୍ରିୟତା,Popularity
ଲୋକମାନଙ୍କ,of the people
ଶଙ୍କର,Shankara
ଶାସକ,Ruler
ଶିକ୍ଷାଲାଭ,Education
ଶିଶୁର,of the child
ଶୁଦ୍ଧ,Pure
ଶ୍ୱାସ,breath
ସଂପର୍କରେ,In relation
ସଂସ୍କୃତିର,of culture
ସଞ୍ଚାରିତ,circulated
ସପ୍ତମ,Seventh
ସଫା,Clear
ସବୁଠୁ,Most of all
ସମନ୍ୱୟ,Coordination
ସମୁଦ୍ରରେ,in the sea
ସରକାରଙ୍କୁ,To the government
ସରସ୍ୱତୀ,Saraswati
ସର୍ବବୃହତ,the greatest
ସାତ,Seven
ସାଥିରେ,along with
ସାହିତ୍ୟର,of literature
ସୁପାରିସ,recommendation
ସୂତ୍ର,Formula
ସେଇ,That
ସେବକ,Servant
ସେବକମାନେ,Servants
ସ୍ତନ,breast
ସ୍ଥଳରେ,on land
ସ୍ଥଳେ,instead of
ସ୍ଥାନରୁ,from the place
ସ୍ଥାନାନ୍ତରିତ,Transferred
ସ୍ପର୍ଶ,Touch
ସ୍ରୋତ,Stream
ହରମୋନ,Hormones
ହୋଇଅଛି,done
ହୋଇପାରିବ,Can be
ହୋଇଯାଇଛି,done
ହୋଇଯାଇଥିଲା,It was done